<?xml version="1.0" encoding="UTF-8"?>
<!DOCTYPE mapper
  PUBLIC "-//mybatis.org//DTD Config 3.0//EN"
  "http://mybatis.org/dtd/mybatis-3-mapper.dtd">
  <mapper namespace="com.library.project.domain.RentalbookRepository">
  	
  	<select id="getRentalbook" parameterType="String" resultType="com.library.project.domain.RentalbookRepository">
  		select
  			rental_usercode,
  			bookcode,
  			bookname,
  			rental_status,
  			rental_date
  		from
  			rental_book
  		where
  		 	rental_usercode = #{rental_usercode}
  	</select>	
  	<insert id="AddRentalBook" parameterType="com.library.project.domain.RentalBook"
  		useGeneratedKeys="true" keyProperty="rental_code">
  		insert
  			rental_book
  		value(
  			0,
  			bookcode=#{bookcode},
  			bookname=#{bookname},
  			rental_status=#{rental_status},
  			now(),
  			now()			
  		);
  	</insert>
  	<update id="extensionOfPeriod" parameterType="com.library.project.domain.RentalBook">
  		update
  			rental_book
  		set
  			0,
  			rental_date=now(),
  			return_date=now()
  		where
  			rental_usercode=#{rental_usercode}
  	</update>
  	<delete id="returnBook" parameterType="Integer">
  		delete
  		from
  			rental_book
  		where
  			rental_usercode=#{rental_usercode},
  			bookcode=#{bookcode}
  	</delete>
  </mapper>